<?xml version="1.0" encoding="utf-8" ?>
<!-- Copyright 2016 Roku Corp.  All Rights Reserved. -->
<component name="SimpleVideoScene" extends="Scene">
  <children>

    <Label id="Title" font="font:LargeBoldSystemFont" translation="[750, 250]" width="850" wrap="true" />
    <ButtonGroup id="ButtonGroup" translation="[800,425]"/>
    <Poster id="Image" translation="[300,250]"/>

    <Label
      id="Details"
      height="300"
      width="1300"
      font="font:MediumBoldSystemFont"
      text="PUT DETAILS TEXT HERE"
      wrap="true"
      translation="[300,600]" />

    <Overhang
      showClock="true"
      title="Simple-Video-Player" />

    <Video
      id="Video"
      width="1920"
      height="1080"
      translation="[0,0]"
      visible="false"/>

    <Dialog
      id="WarningDialog"
      title="Warning"
      message="PUT A WARNING MESSAGE HERE"
      visible="false" />

    <!-- <Exiter id="Exiter"/> -->
    <AutoStreamTestSampleApp id="autoStreamTestSampleApp"/>

    <Group id="debugPanel" visible="false" translation="[50,50]">
      <Rectangle id="uiMessageBackground" width="1820" Height="980" color="0x55005588" visible="true"/>
      <Label id="uiMessage" text="Debug Panel| Press Instant-skip-button to toggle|" width="1820" Height="980" fontName="montserrat" fontStyle="medium" fontSize="22" zoomFontSize="22" color="0x88FF88FF" vertAlign="Bottom" horizAlign="Right" lineSpacing="0.3" wrap="true" visible="true"/>
    </Group>

    <Timer id="playbackStatsTimer" repeat="true" duration="1" fire="onPlaybackStatsTimer()"/>
  </children>

  <script type="text/brightscript" uri="pkg:/components/SimpleVideoScene.brs"/>
  <script type="text/brightscript" uri="pkg:/source/TypeLibrary.brs"/>
  <script type="text/brightscript" uri="pkg:/source/PlayTrigger.brs" />
</component>
