{
	"info": {
		"_postman_id": "35fc2890-e851-4f82-8980-734c3756f1e0",
		"name": "AutoStreamTest-SampleApp",
		"schema": "https://schema.getpostman.com/json/collection/v2.1.0/collection.json"
	},
	"item": [
		{
			"name": "autoStreamTestSampleApp-deeplink",
			"request": {
				"method": "POST",
				"header": [],
				"url": {
					"raw": "http://192.168.43.95:8060/launch/dev",
					"protocol": "http",
					"host": [
						"192",
						"168",
						"43",
						"95"
					],
					"port": "8060",
					"path": [
						"launch",
						"dev"
					],
					"query": [
						{
							"key": "contentId",
							"value": "64f22088d55cae4071d20e403aa25a1f73f2d0a252a3b31cee6cfec7ecd98b8b",
							"disabled": true
						},
						{
							"key": "startTest",
							"value": "true",
							"disabled": true
						},
						{
							"key": "enableTSB",
							"value": "true",
							"disabled": true
						},
						{
							"key": "playbackProxyIP",
							"value": "192.168.43.119",
							"disabled": true
						},
						{
							"key": "playbackProxyPort",
							"value": "8080",
							"disabled": true
						},
						{
							"key": "roVNPlayStart",
							"value": "-5",
							"disabled": true
						}
					]
				}
			},
			"response": []
		}
	]
}