<?xml version="1.0" encoding="UTF-8"?>

<component name="AutoStreamTestSampleApp" extends="Group">
<interface>
  <!-- <function name="playChannel"/> -->
  <function name="startTest"/> 
</interface>
<script type="text/brightscript" uri="./core/AutoStreamTestCore.brs" />
<script type="text/brightscript" uri="./AutoStreamTestSampleApp.brs" /> 
<!-- Libraries -->
<script type="text/brightscript" uri="pkg:/source/TypeLibrary.brs" />
<script type="text/brightscript" uri="pkg:/source/PlayTrigger.brs" />
<!-- Plugins -->
<children>
  <Video
    id="Video"
    width="1920"
    height="1080"
    translation="[0,0]"
    visible="false"/>
  <Label
    id="errorLabel"
    visible="false"
    width="1720"
    font="font:MediumBoldSystemFont"
    wrap="true"
    translation="[100,600]" />
  </children>
</component>
